patient_id,patient_name,dob,gender,city
P10001,Patient 1,2007-05-14,M,Delhi
P10002,Patient 2,1959-12-28,F,Bengaluru
P10003,Patient 3,1952-03-30,F,Mumbai
P10004,Patient 4,1974-09-04,F,Delhi
P10005,Patient 5,1971-12-21,M,Jaipur
P10006,Patient 6,1970-01-10,F,Bengaluru
P10007,Patient 7,1962-07-09,F,Mumbai
P10008,Patient 8,1959-03-13,F,Bengaluru
P10009,Patient 9,1998-12-05,F,Pune
P10010,Patient 10,1957-10-19,F,Bengaluru
P10011,Patient 11,2002-12-23,F,Mumbai
P10012,Patient 12,1987-11-08,M,Bengaluru
P10013,Patient 13,1952-11-07,F,Bengaluru
P10014,Patient 14,1952-09-03,M,Pune
P10015,Patient 15,1958-05-29,M,Pune
P10016,Patient 16,1969-08-13,F,Mumbai
P10017,Patient 17,1970-11-15,M,Bengaluru
P10018,Patient 18,1995-05-04,M,Mumbai
P10019,Patient 19,2004-01-04,M,Bengaluru
P10020,Patient 20,1952-05-19,M,Pune
P10021,Patient 21,2000-05-08,M,Mumbai
P10022,Patient 22,1967-11-03,F,Jaipur
P10023,Patient 23,2008-04-21,F,Jaipur
P10024,Patient 24,1998-11-21,F,Pune
P10025,Patient 25,1987-08-21,F,Pune
P10026,Patient 26,1969-10-11,F,Mumbai
P10027,Patient 27,1990-04-20,F,Pune
P10028,Patient 28,2002-11-13,M,Jaipur
P10029,Patient 29,1974-12-16,F,Delhi
P10030,Patient 30,1950-08-01,M,Jaipur
P10031,Patient 31,1964-04-28,F,Jaipur
P10032,Patient 32,1987-12-01,F,Jaipur
P10033,Patient 33,1980-07-11,M,Mumbai
P10034,Patient 34,1974-12-06,M,Delhi
P10035,Patient 35,1963-12-13,M,Jaipur
P10036,Patient 36,1969-04-26,M,Pune
P10037,Patient 37,1980-03-13,F,Pune
P10038,Patient 38,1959-03-04,F,Delhi
P10039,Patient 39,1958-04-28,M,Mumbai
P10040,Patient 40,1984-02-01,M,Mumbai
P10041,Patient 41,1958-09-05,M,Mumbai
P10042,Patient 42,1982-03-17,M,Jaipur
P10043,Patient 43,1980-11-09,F,Mumbai
P10044,Patient 44,2004-02-29,M,Bengaluru
P10045,Patient 45,1973-09-24,M,Mumbai
P10046,Patient 46,1953-11-24,M,Pune
P10047,Patient 47,1991-03-21,F,Bengaluru
P10048,Patient 48,1998-02-09,M,Pune
P10049,Patient 49,1961-03-14,F,Jaipur
P10050,Patient 50,1983-12-17,F,Delhi
P10051,Patient 51,1957-01-26,M,Jaipur
P10052,Patient 52,1999-07-12,M,Pune
P10053,Patient 53,1976-04-20,F,Bengaluru
P10054,Patient 54,2006-05-26,F,Bengaluru
P10055,Patient 55,2005-06-28,M,Mumbai
P10056,Patient 56,1982-06-12,F,Pune
P10057,Patient 57,2001-10-18,M,Mumbai
P10058,Patient 58,1967-04-02,M,Pune
P10059,Patient 59,1956-03-29,F,Jaipur
P10060,Patient 60,1954-02-10,M,Jaipur
P10061,Patient 61,2009-04-29,M,Mumbai
P10062,Patient 62,1970-06-12,M,Delhi
P10063,Patient 63,1975-12-18,F,Jaipur
P10064,Patient 64,1957-02-27,M,Pune
P10065,Patient 65,1970-11-20,F,Mumbai
P10066,Patient 66,1959-01-23,F,Delhi
P10067,Patient 67,1984-02-07,M,Mumbai
P10068,Patient 68,1974-12-09,F,Delhi
P10069,Patient 69,1990-09-05,F,Pune
P10070,Patient 70,2007-01-12,M,Delhi
P10071,Patient 71,1982-09-24,F,Jaipur
P10072,Patient 72,1964-08-04,F,Mumbai
P10073,Patient 73,1983-03-19,M,Delhi
P10074,Patient 74,1981-11-15,M,Pune
P10075,Patient 75,1968-10-18,F,Delhi
P10076,Patient 76,2010-02-15,F,Mumbai
P10077,Patient 77,1973-12-14,F,Delhi
P10078,Patient 78,2008-02-20,M,Jaipur
P10079,Patient 79,1956-05-28,M,Jaipur
P10080,Patient 80,2004-08-25,M,Jaipur
P10081,Patient 81,2006-12-19,F,Pune
P10082,Patient 82,1965-05-09,F,Jaipur
P10083,Patient 83,1997-12-02,M,Pune
P10084,Patient 84,1971-12-18,M,Bengaluru
P10085,Patient 85,1964-08-29,M,Jaipur
P10086,Patient 86,1991-06-22,M,Delhi
P10087,Patient 87,1984-01-16,M,Delhi
P10088,Patient 88,1974-03-21,F,Mumbai
P10089,Patient 89,2007-06-02,M,Bengaluru
P10090,Patient 90,1999-12-20,F,Jaipur
P10091,Patient 91,1969-09-14,M,Pune
P10092,Patient 92,1979-02-04,M,Pune
P10093,Patient 93,1955-01-07,F,Pune
P10094,Patient 94,1970-07-20,F,Pune
P10095,Patient 95,1952-11-17,F,Bengaluru
P10096,Patient 96,1978-04-20,M,Delhi
P10097,Patient 97,1985-12-28,F,Delhi
P10098,Patient 98,1974-01-08,M,Delhi
P10099,Patient 99,1955-12-09,M,Delhi
P10100,Patient 100,1968-12-05,F,Pune
P10101,Patient 101,2000-11-19,M,Mumbai
P10102,Patient 102,1978-03-26,F,Jaipur
P10103,Patient 103,1969-01-28,F,Pune
P10104,Patient 104,2008-10-20,M,Pune
P10105,Patient 105,1994-10-15,M,Delhi
P10106,Patient 106,1985-06-30,F,Pune
P10107,Patient 107,2007-09-03,F,Pune
P10108,Patient 108,1991-03-02,F,Delhi
P10109,Patient 109,1962-10-26,F,Bengaluru
P10110,Patient 110,1973-10-06,M,Bengaluru
P10111,Patient 111,1962-07-12,M,Delhi
P10112,Patient 112,1972-02-16,F,Delhi
P10113,Patient 113,2000-05-12,M,Jaipur
P10114,Patient 114,1998-05-10,M,Pune
P10115,Patient 115,1973-07-28,F,Bengaluru
P10116,Patient 116,2002-06-12,F,Jaipur
P10117,Patient 117,1988-06-08,F,Pune
P10118,Patient 118,2002-05-09,M,Delhi
P10119,Patient 119,1985-10-31,M,Pune
P10120,Patient 120,1982-06-23,M,Pune
P10121,Patient 121,1969-09-04,M,Delhi
P10122,Patient 122,1962-05-30,M,Pune
P10123,Patient 123,1995-09-18,F,Bengaluru
P10124,Patient 124,1994-04-11,F,Pune
P10125,Patient 125,1958-02-26,F,Delhi
P10126,Patient 126,1954-03-24,M,Bengaluru
P10127,Patient 127,1959-11-02,M,Pune
P10128,Patient 128,1963-09-18,M,Jaipur
P10129,Patient 129,2006-04-17,M,Mumbai
P10130,Patient 130,1964-05-09,F,Jaipur
P10131,Patient 131,1987-11-16,F,Mumbai
P10132,Patient 132,2003-07-05,F,Jaipur
P10133,Patient 133,1955-09-13,M,Bengaluru
P10134,Patient 134,1984-07-09,M,Bengaluru
P10135,Patient 135,1984-03-27,F,Delhi
P10136,Patient 136,2003-06-18,M,Bengaluru
P10137,Patient 137,1991-12-29,F,Pune
P10138,Patient 138,1997-06-21,M,Bengaluru
P10139,Patient 139,1972-07-22,M,Pune
P10140,Patient 140,1999-08-20,M,Mumbai
P10141,Patient 141,1951-01-12,M,Pune
P10142,Patient 142,1960-04-11,M,Bengaluru
P10143,Patient 143,1998-03-05,F,Jaipur
P10144,Patient 144,1973-12-09,M,Bengaluru
P10145,Patient 145,2007-07-04,F,Mumbai
P10146,Patient 146,1980-07-08,M,Mumbai
P10147,Patient 147,1960-01-04,M,Mumbai
P10148,Patient 148,1976-05-01,M,Pune
P10149,Patient 149,1989-01-02,M,Jaipur
P10150,Patient 150,1964-03-10,F,Bengaluru
P10151,Patient 151,1990-09-15,M,Bengaluru
P10152,Patient 152,1950-04-17,F,Delhi
P10153,Patient 153,1973-08-18,M,Bengaluru
P10154,Patient 154,1994-11-29,M,Jaipur
P10155,Patient 155,1966-01-11,F,Mumbai
P10156,Patient 156,1995-07-19,M,Pune
P10157,Patient 157,1959-07-19,F,Jaipur
P10158,Patient 158,2006-02-05,F,Delhi
P10159,Patient 159,1976-10-10,M,Bengaluru
P10160,Patient 160,2007-04-29,F,Delhi
P10161,Patient 161,1995-07-19,F,Jaipur
P10162,Patient 162,2004-08-19,F,Pune
P10163,Patient 163,1967-11-05,F,Jaipur
P10164,Patient 164,1963-09-18,M,Bengaluru
P10165,Patient 165,1983-07-19,M,Pune
P10166,Patient 166,1964-06-29,F,Jaipur
P10167,Patient 167,1998-05-23,M,Delhi
P10168,Patient 168,1997-07-31,F,Bengaluru
P10169,Patient 169,1950-01-19,M,Delhi
P10170,Patient 170,2003-09-26,M,Pune
P10171,Patient 171,1979-01-30,M,Mumbai
P10172,Patient 172,1993-11-01,F,Pune
P10173,Patient 173,1951-10-01,M,Pune
P10174,Patient 174,1960-01-14,F,Pune
P10175,Patient 175,1982-07-26,M,Mumbai
P10176,Patient 176,1977-08-03,F,Pune
P10177,Patient 177,1971-06-26,F,Delhi
P10178,Patient 178,1955-03-14,F,Jaipur
P10179,Patient 179,1971-08-11,M,Pune
P10180,Patient 180,2000-11-25,F,Jaipur
P10181,Patient 181,1957-01-24,M,Mumbai
P10182,Patient 182,1957-09-07,M,Mumbai
P10183,Patient 183,1993-08-07,F,Mumbai
P10184,Patient 184,1956-03-17,M,Mumbai
P10185,Patient 185,1997-10-16,F,Pune
P10186,Patient 186,1961-04-13,M,Jaipur
P10187,Patient 187,1961-07-09,F,Pune
P10188,Patient 188,2009-03-10,M,Jaipur
P10189,Patient 189,1992-08-22,M,Jaipur
P10190,Patient 190,1999-04-29,M,Delhi
P10191,Patient 191,1964-10-24,M,Delhi
P10192,Patient 192,1973-10-12,M,Delhi
P10193,Patient 193,1997-05-04,F,Mumbai
P10194,Patient 194,2004-06-02,F,Pune
P10195,Patient 195,1987-12-18,M,Delhi
P10196,Patient 196,1969-01-01,F,Jaipur
P10197,Patient 197,1998-05-20,F,Mumbai
P10198,Patient 198,1968-01-18,M,Pune
P10199,Patient 199,1977-12-19,M,Bengaluru
P10200,Patient 200,1985-10-18,F,Mumbai
P10201,Patient 201,2008-04-21,F,Jaipur
P10202,Patient 202,1983-07-03,F,Delhi
P10203,Patient 203,1989-04-21,F,Delhi
P10204,Patient 204,1996-06-07,F,Jaipur
P10205,Patient 205,1990-07-04,F,Delhi
P10206,Patient 206,1960-11-09,F,Delhi
P10207,Patient 207,1972-03-29,M,Mumbai
P10208,Patient 208,1970-02-27,M,Jaipur
P10209,Patient 209,1955-09-30,M,Bengaluru
P10210,Patient 210,1980-05-01,M,Mumbai
P10211,Patient 211,1951-11-21,F,Pune
P10212,Patient 212,2002-10-12,M,Delhi
P10213,Patient 213,1999-09-11,F,Bengaluru
P10214,Patient 214,1970-08-24,F,Mumbai
P10215,Patient 215,2002-10-17,F,Bengaluru
P10216,Patient 216,1969-10-04,M,Mumbai
P10217,Patient 217,1950-08-24,M,Mumbai
P10218,Patient 218,1956-05-15,F,Mumbai
P10219,Patient 219,2006-08-14,F,Delhi
P10220,Patient 220,1955-04-14,F,Delhi
P10221,Patient 221,1970-07-16,F,Bengaluru
P10222,Patient 222,1956-01-18,M,Mumbai
P10223,Patient 223,1952-10-26,M,Bengaluru
P10224,Patient 224,1979-08-24,F,Mumbai
P10225,Patient 225,1956-05-10,F,Delhi
P10226,Patient 226,1996-02-16,M,Pune
P10227,Patient 227,1971-05-09,M,Delhi
P10228,Patient 228,1974-12-26,F,Delhi
P10229,Patient 229,2010-01-07,M,Mumbai
P10230,Patient 230,1993-07-20,M,Jaipur
P10231,Patient 231,1969-03-22,M,Bengaluru
P10232,Patient 232,1998-05-18,F,Delhi
P10233,Patient 233,1961-11-14,F,Pune
P10234,Patient 234,2001-03-25,F,Pune
P10235,Patient 235,2001-09-11,F,Pune
P10236,Patient 236,1992-05-28,F,Jaipur
P10237,Patient 237,1971-10-20,M,Mumbai
P10238,Patient 238,1992-06-07,F,Mumbai
P10239,Patient 239,1986-07-09,F,Mumbai
P10240,Patient 240,1967-01-31,M,Bengaluru
P10241,Patient 241,1958-06-18,F,Bengaluru
P10242,Patient 242,1958-09-12,M,Jaipur
P10243,Patient 243,2009-02-13,F,Pune
P10244,Patient 244,1988-09-02,F,Pune
P10245,Patient 245,1981-10-14,M,Pune
P10246,Patient 246,1988-01-01,F,Bengaluru
P10247,Patient 247,1986-11-18,M,Jaipur
P10248,Patient 248,1991-11-25,M,Jaipur
P10249,Patient 249,1954-11-11,F,Pune
P10250,Patient 250,2008-08-16,F,Delhi
