visit_id,patient_id,visit_date,department,billed_amount,status
V50001,P10045,2025-09-04,General,7921.41,Completed
V50002,P10142,2025-06-01,Orthopedics,14281.72,Completed
V50003,P10020,2025-06-23,General,2590.31,Completed
V50004,P10041,2025-02-28,General,14255.42,Completed
V50005,P10001,2025-08-28,Pediatrics,5021.56,Completed
V50006,P10105,2025-02-08,Pediatrics,6638.23,No Show
V50007,P10116,2025-03-14,Dermatology,12501.69,Completed
V50008,P10177,2025-04-26,Cardiology,6433.39,No Show
V50009,P10153,2025-12-13,Cardiology,8469.11,Completed
V50010,P10121,2025-12-12,Dermatology,899.61,Completed
V50011,P10075,2025-07-23,Pediatrics,11425.94,Completed
V50012,P10009,2025-10-13,General,8303.08,Cancelled
V50013,P10060,2025-07-07,Dermatology,5281.11,Completed
V50014,P10074,2025-02-16,Dermatology,11932.22,Completed
V50015,P10181,2025-07-22,Cardiology,4896.33,Completed
V50016,P10073,2025-01-08,Dermatology,7075.72,Completed
V50017,P10180,2025-05-16,Cardiology,2443.6,Completed
V50018,P10221,2025-10-02,Orthopedics,6345.14,Completed
V50019,P10117,2025-03-05,Dermatology,3450.1,Completed
V50020,P10019,2025-08-21,General,4303.54,Cancelled
V50021,P10176,2025-07-08,Cardiology,11380.29,Completed
V50022,P10060,2025-12-11,Dermatology,4565.93,Completed
V50023,P10237,2025-12-11,Pediatrics,7535.27,Completed
V50024,P10068,2025-05-15,Pediatrics,14720.69,Completed
V50025,P10202,2025-10-27,Pediatrics,14444.03,Completed
V50026,P10203,2025-07-15,Cardiology,11009.45,Completed
V50027,P10161,2025-11-23,Dermatology,8347.79,Completed
V50028,P10151,2025-07-10,Orthopedics,4514.92,No Show
V50029,P10170,2025-02-25,Cardiology,2829.45,No Show
V50030,P10206,2025-12-12,General,14563.92,Completed
V50031,P10240,2025-04-30,Pediatrics,7982.99,Completed
V50032,P10051,2025-08-30,General,2180.05,Cancelled
V50033,P10109,2025-01-13,Dermatology,9540.6,Completed
V50034,P10030,2025-11-14,Cardiology,11761.91,Completed
V50035,P10140,2025-10-15,Pediatrics,9388.55,Completed
V50036,P10058,2025-06-17,Cardiology,13800.82,Completed
V50037,P10166,2025-11-09,General,1074.1,Completed
V50038,P10039,2025-04-24,Dermatology,8164.54,Completed
V50039,P10233,2025-11-28,Orthopedics,7160.37,Completed
V50040,P10069,2025-02-02,Orthopedics,1404.07,Completed
V50041,P10212,2025-11-22,Dermatology,9799.26,Completed
V50042,P10037,2025-08-26,Orthopedics,12863.18,Completed
V50043,P10019,2025-12-25,Dermatology,9097.64,Cancelled
V50044,P10016,2025-06-04,Pediatrics,4271.41,Completed
V50045,P10043,2025-11-29,Dermatology,12678.28,No Show
V50046,P10203,2025-07-29,Orthopedics,7887.69,Completed
V50047,P10079,2025-03-01,Cardiology,7907.89,Cancelled
V50048,P10153,2025-03-13,Cardiology,11418.94,No Show
V50049,P10192,2025-01-24,Dermatology,2644.87,Completed
V50050,P10212,2025-01-20,Dermatology,12384.59,Cancelled
V50051,P10146,2025-06-05,Pediatrics,10407.66,Completed
V50052,P10236,2025-09-10,Dermatology,11912.91,Completed
V50053,P10074,2025-03-01,Cardiology,3278.44,Completed
V50054,P10113,2025-02-19,General,12134.28,Cancelled
V50055,P10032,2025-05-01,Dermatology,3274.2,Completed
V50056,P10120,2025-10-03,Pediatrics,1682.51,Completed
V50057,P10177,2025-03-11,Dermatology,12900.79,Completed
V50058,P10078,2025-07-18,Dermatology,12988.61,Completed
V50059,P10180,2025-08-21,Dermatology,13209.79,No Show
V50060,P10104,2025-07-09,General,7342.69,Completed
V50061,P10242,2025-12-10,General,4473.7,Completed
V50062,P10070,2025-12-23,Pediatrics,602.83,Completed
V50063,P10129,2025-10-04,Dermatology,9862.95,Completed
V50064,P10139,2025-08-03,Pediatrics,10938.69,Cancelled
V50065,P10127,2025-10-28,Cardiology,12615.75,Completed
V50066,P10113,2025-03-21,Dermatology,4587.23,Completed
V50067,P10021,2025-08-01,Orthopedics,3620.66,Completed
V50068,P10154,2025-12-02,Orthopedics,9770.31,Completed
V50069,P10011,2025-02-20,Dermatology,12173.3,Completed
V50070,P10228,2025-09-08,Dermatology,14473.23,Completed
V50071,P10111,2025-11-12,Orthopedics,2682.61,Completed
V50072,P10189,2025-07-28,Orthopedics,7492.08,Completed
V50073,P10083,2025-05-24,Cardiology,13473.38,Completed
V50074,P10155,2025-01-17,Cardiology,6629.4,Completed
V50075,P10065,2025-12-20,Dermatology,9047.78,Completed
V50076,P10007,2025-07-09,Pediatrics,855.11,Completed
V50077,P10024,2025-04-22,Cardiology,10265.17,Completed
V50078,P10059,2025-08-16,Orthopedics,13826.78,Completed
V50079,P10247,2025-08-16,General,12488.97,Completed
V50080,P10173,2025-05-01,Pediatrics,13340.04,Completed
V50081,P10215,2025-07-05,Dermatology,10075.15,Completed
V50082,P10221,2025-02-20,Orthopedics,4060.51,Completed
V50083,P10148,2025-12-18,Cardiology,11643.5,Completed
V50084,P10151,2025-07-08,Cardiology,3569.28,Completed
V50085,P10244,2025-10-06,Cardiology,12553.49,No Show
V50086,P10006,2025-11-27,Orthopedics,1409.41,Completed
V50087,P10196,2025-07-03,Orthopedics,12469.57,No Show
V50088,P10173,2025-02-01,Pediatrics,2885.36,Completed
V50089,P10211,2025-07-23,Cardiology,5939.63,Completed
V50090,P10069,2025-05-22,Pediatrics,5092.7,Completed
V50091,P10148,2025-04-08,Pediatrics,10524.39,Completed
V50092,P10011,2025-03-04,Pediatrics,3089.29,Completed
V50093,P10196,2025-08-21,Pediatrics,6245.71,Completed
V50094,P10194,2025-02-16,Orthopedics,584.46,Completed
V50095,P10045,2025-12-06,General,4306.17,Completed
V50096,P10121,2025-04-19,General,6607.24,Completed
V50097,P10133,2025-11-25,General,2035.86,Completed
V50098,P10167,2025-11-24,Cardiology,9680.82,Completed
V50099,P10114,2025-11-02,General,6016.15,Completed
V50100,P10235,2025-01-11,General,11016.76,Completed
V50101,P10072,2025-01-26,Cardiology,9981.06,Completed
V50102,P10047,2025-06-20,Dermatology,6752.79,No Show
V50103,P10150,2025-05-05,General,13076.15,Cancelled
V50104,P10112,2025-03-06,Cardiology,9665.96,Completed
V50105,P10163,2025-10-17,Cardiology,12248.98,Completed
V50106,P10209,2025-04-16,Pediatrics,5456.02,Completed
V50107,P10126,2025-02-05,Orthopedics,8383.2,No Show
V50108,P10249,2025-10-11,Pediatrics,3346.3,Completed
V50109,P10024,2025-04-17,Dermatology,14944.05,Completed
V50110,P10121,2025-10-28,Orthopedics,4026.62,No Show
V50111,P10090,2025-04-21,Dermatology,4224.58,Completed
V50112,P10105,2025-04-30,Pediatrics,1561.26,Completed
V50113,P10086,2025-06-18,Cardiology,4238.15,No Show
V50114,P10083,2025-03-17,General,11565.36,Completed
V50115,P10172,2025-11-02,Cardiology,10619.46,Completed
V50116,P10027,2025-01-02,Pediatrics,2365.76,Cancelled
V50117,P10220,2025-05-22,Dermatology,5955.46,Completed
V50118,P10042,2025-03-16,Orthopedics,6603.36,Completed
V50119,P10085,2025-03-08,Dermatology,10142.27,Cancelled
V50120,P10106,2025-10-04,General,7110.97,Completed
V50121,P10178,2025-05-09,Cardiology,9004.52,Completed
V50122,P10127,2025-03-31,General,12675.43,Completed
V50123,P10074,2025-02-26,Dermatology,11033.87,Completed
V50124,P10170,2025-12-05,Dermatology,5792.61,Completed
V50125,P10242,2025-01-14,Cardiology,7001.75,Completed
V50126,P10103,2025-03-09,Pediatrics,5831.64,Completed
V50127,P10209,2025-01-08,Orthopedics,2091.15,Cancelled
V50128,P10195,2025-07-03,Orthopedics,3447.0,Completed
V50129,P10141,2025-05-02,Dermatology,4615.19,Cancelled
V50130,P10010,2025-10-29,Orthopedics,5054.94,Cancelled
V50131,P10117,2025-06-15,Dermatology,5039.19,Completed
V50132,P10023,2025-01-09,General,8862.15,Completed
V50133,P10081,2025-03-31,Cardiology,14589.5,Completed
V50134,P10065,2025-05-16,General,11732.63,Cancelled
V50135,P10083,2025-01-27,Orthopedics,11971.44,Completed
V50136,P10030,2025-03-06,Cardiology,11509.39,Completed
V50137,P10249,2025-08-04,Dermatology,9156.32,Completed
V50138,P10198,2025-09-27,Orthopedics,13806.54,Completed
V50139,P10104,2025-02-28,General,10499.64,Cancelled
V50140,P10222,2025-02-02,Pediatrics,7755.17,Completed
V50141,P10132,2025-09-01,Orthopedics,1617.72,Completed
V50142,P10212,2025-08-18,Dermatology,7582.51,Completed
V50143,P10001,2025-07-05,Orthopedics,3586.05,Completed
V50144,P10169,2025-09-20,Cardiology,2424.1,Completed
V50145,P10223,2025-10-31,Pediatrics,7837.94,Completed
V50146,P10139,2025-02-25,Cardiology,11883.74,Completed
V50147,P10119,2025-08-20,General,4777.59,Completed
V50148,P10106,2025-09-15,General,11647.19,Completed
V50149,P10014,2025-04-24,Dermatology,8121.63,Completed
V50150,P10049,2025-11-11,General,2661.2,Completed
V50151,P10133,2025-01-23,Cardiology,14492.03,Completed
V50152,P10093,2025-12-04,General,6323.73,Completed
V50153,P10160,2025-09-24,Dermatology,4780.9,Completed
V50154,P10194,2025-06-04,Cardiology,12781.48,Completed
V50155,P10128,2025-08-23,Orthopedics,2304.67,Completed
V50156,P10161,2025-11-26,Dermatology,11137.06,Completed
V50157,P10114,2025-01-16,Cardiology,3223.46,Cancelled
V50158,P10195,2025-02-01,General,6191.13,No Show
V50159,P10014,2025-09-03,General,3862.55,Completed
V50160,P10053,2025-07-25,Dermatology,12697.81,Completed
V50161,P10069,2025-08-07,Pediatrics,6156.08,Completed
V50162,P10141,2025-12-18,Dermatology,14633.05,Completed
V50163,P10034,2025-02-25,Pediatrics,9566.29,Completed
V50164,P10238,2025-09-09,Orthopedics,10557.53,Completed
V50165,P10074,2025-12-31,Cardiology,8062.11,No Show
V50166,P10113,2025-08-16,Cardiology,4980.04,Completed
V50167,P10226,2025-02-07,Dermatology,6235.57,Cancelled
V50168,P10179,2025-02-11,Pediatrics,14143.55,Completed
V50169,P10125,2025-06-14,Cardiology,3417.45,Cancelled
V50170,P10032,2025-11-08,General,14829.17,Completed
V50171,P10008,2025-03-17,Dermatology,11495.43,Completed
V50172,P10250,2025-02-03,Pediatrics,5716.91,No Show
V50173,P10162,2025-03-06,General,9801.95,Cancelled
V50174,P10156,2025-05-21,General,6024.23,Completed
V50175,P10205,2025-11-16,General,6031.65,Cancelled
V50176,P10062,2025-11-21,Pediatrics,7805.14,Completed
V50177,P10182,2025-10-27,Orthopedics,742.48,No Show
V50178,P10041,2025-10-08,Cardiology,7656.79,Completed
V50179,P10080,2025-12-31,Dermatology,14588.18,Completed
V50180,P10142,2025-06-16,General,4639.25,No Show
V50181,P10004,2025-07-15,Pediatrics,11349.16,Cancelled
V50182,P10142,2025-11-02,Cardiology,6920.44,Completed
V50183,P10105,2025-09-29,Dermatology,3534.58,No Show
V50184,P10024,2025-05-31,General,13622.54,Completed
V50185,P10058,2025-08-21,Dermatology,744.0,Completed
V50186,P10216,2025-09-16,Orthopedics,4900.88,Completed
V50187,P10234,2025-11-06,Orthopedics,14985.88,Completed
V50188,P10030,2025-08-09,Orthopedics,4301.13,Completed
V50189,P10119,2025-02-20,Pediatrics,12811.15,Completed
V50190,P10243,2025-12-26,General,9282.41,Completed
V50191,P10031,2025-02-28,Cardiology,12187.52,Completed
V50192,P10166,2025-12-02,Dermatology,9639.61,Cancelled
V50193,P10214,2025-11-30,General,5759.1,Completed
V50194,P10040,2025-10-10,Dermatology,11531.44,Completed
V50195,P10128,2025-04-21,General,884.03,Completed
V50196,P10239,2025-08-09,Cardiology,6978.79,Completed
V50197,P10184,2025-08-20,Orthopedics,5891.89,No Show
V50198,P10075,2025-04-27,Orthopedics,7417.57,Cancelled
V50199,P10131,2025-07-31,Pediatrics,2350.5,Completed
V50200,P10181,2025-06-23,Cardiology,3726.35,Completed
V50201,P10070,2025-08-21,General,8649.75,Completed
V50202,P10107,2025-07-24,Cardiology,6122.65,Completed
V50203,P10214,2025-08-01,General,11979.01,Completed
V50204,P10124,2025-02-18,General,9274.48,Cancelled
V50205,P10121,2025-06-10,Orthopedics,12988.37,Completed
V50206,P10063,2025-08-07,Dermatology,11119.23,Completed
V50207,P10117,2025-06-10,Cardiology,9226.44,Completed
V50208,P10142,2025-12-07,Orthopedics,4670.43,Completed
V50209,P10038,2025-05-11,Orthopedics,11850.03,Completed
V50210,P10099,2025-07-11,Dermatology,4143.38,Completed
V50211,P10049,2025-03-20,Pediatrics,1590.56,Completed
V50212,P10236,2025-12-18,Dermatology,14461.54,No Show
V50213,P10154,2025-08-31,Orthopedics,8330.16,Completed
V50214,P10131,2025-02-04,Dermatology,11721.47,Cancelled
V50215,P10192,2025-02-16,Dermatology,8173.73,Completed
V50216,P10226,2025-02-13,Cardiology,9367.91,Completed
V50217,P10035,2025-02-17,Dermatology,991.44,Completed
V50218,P10222,2025-08-10,Orthopedics,3208.51,Completed
V50219,P10018,2025-02-19,Orthopedics,10283.0,Completed
V50220,P10071,2025-07-10,Dermatology,8773.19,Cancelled
V50221,P10198,2025-03-08,Cardiology,2799.05,No Show
V50222,P10203,2025-10-12,Cardiology,14304.42,Completed
V50223,P10219,2025-01-31,Pediatrics,2738.13,Completed
V50224,P10107,2025-10-28,Dermatology,7899.4,Completed
V50225,P10088,2025-10-15,Orthopedics,2588.04,Completed
V50226,P10240,2025-10-15,Cardiology,10901.89,Completed
V50227,P10202,2025-06-18,General,4506.54,Completed
V50228,P10130,2025-12-10,Dermatology,2444.94,Completed
V50229,P10069,2025-03-04,General,1166.81,Completed
V50230,P10211,2025-07-30,Pediatrics,3035.12,Completed
V50231,P10001,2025-07-01,Cardiology,3281.08,Completed
V50232,P10073,2025-12-07,Cardiology,8286.1,Completed
V50233,P10186,2025-08-05,Orthopedics,7040.06,Completed
V50234,P10077,2025-01-27,General,14380.77,Completed
V50235,P10215,2025-05-28,Orthopedics,14335.19,Completed
V50236,P10151,2025-11-04,Cardiology,12049.92,Completed
V50237,P10149,2025-06-09,Cardiology,10238.02,Completed
V50238,P10169,2025-06-30,General,12752.83,Completed
V50239,P10126,2025-02-23,General,14111.9,Completed
V50240,P10222,2025-10-23,General,827.96,Completed
V50241,P10039,2025-09-17,Pediatrics,2212.53,Completed
V50242,P10115,2025-04-19,Cardiology,5723.83,Completed
V50243,P10138,2025-03-21,Cardiology,1857.01,Cancelled
V50244,P10124,2025-12-03,Orthopedics,9193.1,Completed
V50245,P10089,2025-09-04,Pediatrics,4275.28,Completed
V50246,P10086,2025-04-25,Cardiology,4332.93,Completed
V50247,P10142,2025-02-25,Dermatology,4680.76,Completed
V50248,P10196,2025-06-29,Dermatology,1916.88,Completed
V50249,P10140,2025-10-12,General,11243.69,Completed
V50250,P10097,2025-07-08,Dermatology,9934.75,Completed
V50251,P10117,2025-02-28,Dermatology,9294.37,Completed
V50252,P10239,2025-05-23,Pediatrics,993.66,Completed
V50253,P10083,2025-10-21,General,6727.23,Completed
V50254,P10223,2025-04-26,Cardiology,10435.45,Completed
V50255,P10049,2025-08-08,Cardiology,2767.03,Completed
V50256,P10179,2025-10-15,Cardiology,6092.04,Completed
V50257,P10062,2025-11-15,Dermatology,787.6,Cancelled
V50258,P10147,2025-11-11,Pediatrics,1686.94,Completed
V50259,P10099,2025-12-12,Pediatrics,3638.58,Completed
V50260,P10060,2025-11-26,Pediatrics,6512.43,Completed
V50261,P10220,2025-10-13,Pediatrics,7216.98,Completed
V50262,P10199,2025-01-14,Dermatology,13325.56,Completed
V50263,P10106,2025-11-08,Dermatology,5091.55,Completed
V50264,P10012,2025-12-03,Orthopedics,811.23,Completed
V50265,P10082,2025-12-22,General,12480.24,Completed
V50266,P10191,2025-05-17,General,1396.78,Completed
V50267,P10122,2025-01-15,Cardiology,1848.38,Completed
V50268,P10181,2025-04-03,Dermatology,14466.13,Cancelled
V50269,P10234,2025-05-20,Dermatology,11423.8,Completed
V50270,P10208,2025-12-26,Cardiology,5398.89,Cancelled
V50271,P10098,2025-06-08,General,2416.59,Completed
V50272,P10099,2025-06-23,General,6107.59,Completed
V50273,P10170,2025-06-29,Pediatrics,5418.33,Completed
V50274,P10203,2025-01-04,Dermatology,13179.4,Completed
V50275,P10211,2025-04-03,General,6571.92,Completed
V50276,P10167,2025-03-15,Orthopedics,1689.65,Cancelled
V50277,P10039,2025-10-17,General,13938.68,Completed
V50278,P10127,2025-12-03,Orthopedics,9523.54,Completed
V50279,P10247,2025-07-25,Orthopedics,2192.29,Completed
V50280,P10010,2025-02-05,Pediatrics,2141.03,Completed
V50281,P10033,2025-03-14,Cardiology,7256.03,Completed
V50282,P10129,2025-11-21,Pediatrics,1835.29,Completed
V50283,P10248,2025-01-16,Cardiology,9660.41,Completed
V50284,P10152,2025-02-16,General,9437.56,Completed
V50285,P10085,2025-09-29,Dermatology,965.18,Completed
V50286,P10223,2025-04-21,Orthopedics,12207.63,Completed
V50287,P10026,2025-07-12,Orthopedics,11908.52,Cancelled
V50288,P10224,2025-08-03,Orthopedics,13771.97,Completed
V50289,P10217,2025-08-21,Orthopedics,10219.45,Completed
V50290,P10113,2025-06-24,Cardiology,10546.5,Completed
V50291,P10026,2025-03-22,General,2874.25,Completed
V50292,P10135,2025-07-09,Cardiology,846.39,Completed
V50293,P10234,2025-06-09,Orthopedics,1450.67,Completed
V50294,P10117,2025-06-16,Orthopedics,14484.69,Completed
V50295,P10004,2025-10-18,Cardiology,9862.96,Completed
V50296,P10185,2025-11-02,Pediatrics,14230.15,Cancelled
V50297,P10037,2025-02-13,Orthopedics,5566.07,Completed
V50298,P10105,2025-01-27,Orthopedics,11450.71,Completed
V50299,P10223,2025-03-21,Dermatology,1448.28,Completed
V50300,P10168,2025-03-22,Cardiology,2909.97,Completed
V50301,P10249,2025-11-13,Orthopedics,4518.43,Completed
V50302,P10040,2025-01-26,Pediatrics,8479.61,Completed
V50303,P10020,2025-12-12,Pediatrics,8582.43,Completed
V50304,P10121,2025-02-11,Orthopedics,7735.3,Completed
V50305,P10201,2025-05-20,General,6654.72,Completed
V50306,P10249,2025-08-15,Cardiology,8847.72,Completed
V50307,P10068,2025-12-05,Pediatrics,14516.6,Completed
V50308,P10087,2025-08-06,General,7142.15,No Show
V50309,P10160,2025-09-06,Pediatrics,12643.34,Completed
V50310,P10178,2025-11-07,Orthopedics,1310.14,Completed
V50311,P10102,2025-08-15,General,6091.02,Completed
V50312,P10167,2025-08-01,Cardiology,8627.2,Completed
V50313,P10021,2025-05-20,Cardiology,9494.65,Completed
V50314,P10219,2025-04-21,Pediatrics,4125.27,Completed
V50315,P10085,2025-09-20,General,6289.72,Completed
V50316,P10219,2025-02-28,Dermatology,14231.59,Completed
V50317,P10173,2025-06-26,Dermatology,9908.34,Completed
V50318,P10220,2025-08-09,Cardiology,8982.01,Completed
V50319,P10137,2025-02-26,Dermatology,1446.83,Completed
V50320,P10098,2025-05-26,Orthopedics,1256.56,Cancelled
V50321,P10245,2025-12-14,Orthopedics,3565.28,No Show
V50322,P10082,2025-12-14,Cardiology,2498.43,No Show
V50323,P10161,2025-10-31,Dermatology,14764.37,Completed
V50324,P10184,2025-09-07,Pediatrics,539.83,Cancelled
V50325,P10228,2025-09-27,General,5804.73,Completed
V50326,P10195,2025-12-08,Pediatrics,1347.13,Completed
V50327,P10125,2025-06-07,Cardiology,9780.15,Completed
V50328,P10224,2025-01-24,Pediatrics,1174.73,Completed
V50329,P10139,2025-04-23,Cardiology,1491.94,Completed
V50330,P10010,2025-07-22,Pediatrics,1659.17,Completed
V50331,P10159,2025-11-03,Dermatology,4440.88,Completed
V50332,P10018,2025-01-29,General,8857.19,Completed
V50333,P10061,2025-01-04,General,12179.0,Completed
V50334,P10162,2025-04-15,Orthopedics,4374.28,Completed
V50335,P10176,2025-06-04,Dermatology,4605.98,Completed
V50336,P10236,2025-04-19,Cardiology,12454.99,Completed
V50337,P10074,2025-03-12,Pediatrics,11316.25,No Show
V50338,P10059,2025-05-11,Orthopedics,2338.81,Cancelled
V50339,P10192,2025-05-29,Dermatology,12192.06,Completed
V50340,P10024,2025-06-17,General,12553.14,Completed
V50341,P10112,2025-03-03,General,3078.47,Completed
V50342,P10026,2025-01-04,Pediatrics,9590.75,Completed
V50343,P10195,2025-09-12,Orthopedics,3352.78,Completed
V50344,P10163,2025-08-09,Orthopedics,4030.64,Completed
V50345,P10181,2025-03-31,Dermatology,7663.08,Completed
V50346,P10224,2025-03-08,Cardiology,8072.19,Completed
V50347,P10026,2025-07-14,Orthopedics,7445.99,Completed
V50348,P10114,2025-09-30,Orthopedics,8346.55,Completed
V50349,P10043,2025-12-27,General,3590.89,Completed
V50350,P10178,2025-04-28,Cardiology,11789.42,No Show
V50351,P10077,2025-09-14,Pediatrics,4528.8,Completed
V50352,P10232,2025-10-14,General,13733.91,Cancelled
V50353,P10008,2025-12-09,Pediatrics,7969.75,Completed
V50354,P10012,2025-07-01,General,4903.42,Completed
V50355,P10084,2025-02-06,General,3028.57,Completed
V50356,P10204,2025-07-23,Dermatology,7535.46,Completed
V50357,P10015,2025-01-22,Orthopedics,5956.31,Completed
V50358,P10076,2025-08-12,Cardiology,9534.86,Completed
V50359,P10092,2025-01-10,General,7727.66,Completed
V50360,P10096,2025-08-24,Cardiology,1035.92,No Show
V50361,P10111,2025-02-09,Orthopedics,12579.87,Completed
V50362,P10038,2025-06-10,Cardiology,1249.27,Completed
V50363,P10063,2025-10-22,Cardiology,12500.13,Completed
V50364,P10136,2025-08-08,Pediatrics,12284.87,Completed
V50365,P10106,2025-10-21,Pediatrics,13897.76,Cancelled
V50366,P10145,2025-07-27,Orthopedics,10133.82,Completed
V50367,P10175,2025-12-30,Pediatrics,2829.04,No Show
V50368,P10203,2025-11-24,Pediatrics,6907.98,Completed
V50369,P10047,2025-08-02,Pediatrics,6871.77,Completed
V50370,P10044,2025-05-29,Pediatrics,9668.83,Completed
V50371,P10045,2025-02-28,Dermatology,6026.49,Completed
V50372,P10021,2025-07-27,Cardiology,10297.33,Completed
V50373,P10157,2025-01-11,Cardiology,3456.66,Completed
V50374,P10223,2025-06-16,Pediatrics,5623.59,Completed
V50375,P10098,2025-03-29,Orthopedics,8378.04,Completed
V50376,P10159,2025-11-13,Pediatrics,6700.94,Cancelled
V50377,P10175,2025-08-24,Orthopedics,2276.62,Completed
V50378,P10062,2025-12-20,Cardiology,14504.51,Completed
V50379,P10128,2025-07-05,General,10523.78,No Show
V50380,P10234,2025-02-15,Orthopedics,12579.01,No Show
V50381,P10150,2025-08-12,General,5683.18,Cancelled
V50382,P10037,2025-02-24,Orthopedics,14200.99,Cancelled
V50383,P10060,2025-05-05,Cardiology,12280.48,Completed
V50384,P10119,2025-08-12,General,14702.84,Cancelled
V50385,P10164,2025-10-29,Orthopedics,3362.22,Completed
V50386,P10066,2025-07-25,Pediatrics,7418.96,Completed
V50387,P10118,2025-09-26,Dermatology,6094.81,Completed
V50388,P10066,2025-02-10,General,9401.48,No Show
V50389,P10171,2025-07-22,Cardiology,4128.19,Completed
V50390,P10003,2025-06-08,Cardiology,1956.85,Completed
V50391,P10231,2025-06-23,Cardiology,7410.94,Completed
V50392,P10206,2025-04-24,General,9772.34,Completed
V50393,P10120,2025-06-20,General,6068.22,Completed
V50394,P10231,2025-03-28,Orthopedics,14817.87,Cancelled
V50395,P10074,2025-02-09,Cardiology,6386.84,Completed
V50396,P10174,2025-09-19,Cardiology,4847.33,Completed
V50397,P10140,2025-11-21,Orthopedics,12301.52,Completed
V50398,P10041,2025-02-28,General,7267.0,Cancelled
V50399,P10019,2025-09-29,General,4461.64,Cancelled
V50400,P10114,2025-09-19,General,4654.12,No Show
V50401,P10242,2025-04-10,Orthopedics,14233.76,Completed
V50402,P10089,2025-06-28,Orthopedics,14445.18,Completed
V50403,P10151,2025-06-29,Pediatrics,9870.43,Completed
V50404,P10077,2025-11-27,Dermatology,4542.14,Cancelled
V50405,P10164,2025-03-17,Dermatology,10814.85,Completed
V50406,P10247,2025-05-01,Cardiology,3643.16,Completed
V50407,P10109,2025-02-22,Cardiology,5170.23,Completed
V50408,P10177,2025-03-16,General,8355.18,Completed
V50409,P10065,2025-05-12,Pediatrics,6316.59,Completed
V50410,P10117,2025-04-12,Orthopedics,5589.85,Completed
V50411,P10217,2025-03-30,General,14624.95,Completed
V50412,P10078,2025-11-05,Cardiology,2967.99,Completed
V50413,P10051,2025-03-20,Dermatology,9399.79,Completed
V50414,P10099,2025-12-02,Orthopedics,1058.85,Completed
V50415,P10219,2025-02-08,Cardiology,1829.86,Completed
V50416,P10124,2025-04-01,Cardiology,3544.94,Completed
V50417,P10028,2025-11-18,Dermatology,14879.45,Completed
V50418,P10061,2025-09-10,Pediatrics,11033.16,Completed
V50419,P10098,2025-08-26,Orthopedics,13086.55,Completed
V50420,P10147,2025-10-16,Cardiology,1217.51,No Show
V50421,P10092,2025-10-24,Pediatrics,10380.86,Completed
V50422,P10148,2025-08-18,Cardiology,6879.08,Completed
V50423,P10076,2025-12-15,Pediatrics,6538.09,Completed
V50424,P10180,2025-10-17,General,10769.69,Completed
V50425,P10076,2025-11-26,General,4970.62,Completed
V50426,P10006,2025-11-22,Dermatology,7945.28,Completed
V50427,P10213,2025-11-16,Pediatrics,4280.51,Completed
V50428,P10169,2025-06-15,Orthopedics,6175.36,Completed
V50429,P10102,2025-11-18,Orthopedics,8233.23,Completed
V50430,P10071,2025-06-11,Orthopedics,2789.27,Completed
V50431,P10003,2025-03-19,Orthopedics,4504.71,Completed
V50432,P10145,2025-08-14,Orthopedics,6595.89,Completed
V50433,P10222,2025-02-04,Orthopedics,7354.85,Completed
V50434,P10176,2025-08-29,Cardiology,12100.06,Completed
V50435,P10200,2025-08-15,General,9822.78,Completed
V50436,P10191,2025-11-20,Cardiology,8656.11,Completed
V50437,P10250,2025-06-05,Orthopedics,13113.08,Completed
V50438,P10013,2025-05-21,General,3361.56,Completed
V50439,P10234,2025-10-30,Pediatrics,2009.2,Completed
V50440,P10156,2025-01-29,Pediatrics,6209.02,Completed
V50441,P10191,2025-06-30,Dermatology,2489.25,Completed
V50442,P10128,2025-09-17,Orthopedics,8561.73,No Show
V50443,P10214,2025-02-07,General,8817.83,Completed
V50444,P10232,2025-06-08,Dermatology,2408.11,Completed
V50445,P10232,2025-08-25,Pediatrics,10882.78,Completed
V50446,P10074,2025-08-20,Orthopedics,8569.82,Completed
V50447,P10199,2025-01-20,General,6636.14,Completed
V50448,P10205,2025-01-30,Cardiology,13803.49,Completed
V50449,P10059,2025-07-08,Orthopedics,12910.73,Completed
V50450,P10156,2025-05-27,Orthopedics,3704.05,Completed
V50451,P10206,2025-02-09,Dermatology,2915.46,Completed
V50452,P10091,2025-11-27,Dermatology,13775.28,Completed
V50453,P10057,2025-02-16,General,2780.15,Completed
V50454,P10163,2025-11-11,Pediatrics,11479.49,Completed
V50455,P10049,2025-11-01,General,5031.5,Cancelled
V50456,P10159,2025-09-17,Orthopedics,5737.19,Completed
V50457,P10065,2025-07-16,Dermatology,8529.01,Completed
V50458,P10174,2025-08-25,Cardiology,13926.48,Completed
V50459,P10194,2025-10-25,Orthopedics,529.82,Completed
V50460,P10185,2025-10-11,Orthopedics,2853.17,Completed
V50461,P10197,2025-01-22,Orthopedics,10943.07,No Show
V50462,P10169,2025-08-19,General,6219.76,Completed
V50463,P10175,2025-10-20,Orthopedics,4673.25,Completed
V50464,P10215,2025-11-30,Dermatology,14461.99,Completed
V50465,P10036,2025-04-07,Orthopedics,4328.41,Completed
V50466,P10161,2025-06-14,Pediatrics,10855.42,Completed
V50467,P10025,2025-11-06,Dermatology,14481.27,Completed
V50468,P10232,2025-09-01,Dermatology,11560.11,Completed
V50469,P10161,2025-09-14,Orthopedics,10786.5,Completed
V50470,P10166,2025-03-19,Orthopedics,10986.5,Completed
V50471,P10011,2025-02-01,Pediatrics,12175.78,Completed
V50472,P10080,2025-08-19,Orthopedics,4432.6,Completed
V50473,P10202,2025-02-22,General,9586.96,Completed
V50474,P10113,2025-06-25,Pediatrics,12141.85,No Show
V50475,P10009,2025-02-13,Orthopedics,13379.33,Completed
V50476,P10149,2025-09-16,Orthopedics,13634.6,Completed
V50477,P10094,2025-11-27,Orthopedics,13606.5,Completed
V50478,P10188,2025-03-30,Dermatology,1915.69,Completed
V50479,P10034,2025-01-21,Pediatrics,5957.89,Completed
V50480,P10024,2025-05-07,Dermatology,7117.69,Completed
V50481,P10233,2025-12-29,Pediatrics,13429.44,Completed
V50482,P10076,2025-08-13,General,6579.18,Cancelled
V50483,P10084,2025-08-13,Orthopedics,4341.23,Completed
V50484,P10192,2025-09-26,Pediatrics,787.95,Cancelled
V50485,P10107,2025-09-25,General,4686.94,Completed
V50486,P10045,2025-11-09,General,11820.5,Completed
V50487,P10052,2025-03-23,Pediatrics,792.48,Cancelled
V50488,P10034,2025-07-06,Pediatrics,2892.41,Completed
V50489,P10202,2025-07-10,Dermatology,5009.04,Completed
V50490,P10139,2025-05-25,Dermatology,8214.16,Completed
V50491,P10225,2025-07-18,Dermatology,5764.13,Completed
V50492,P10249,2025-07-29,Orthopedics,13298.28,Completed
V50493,P10094,2025-06-23,Orthopedics,3508.43,Completed
V50494,P10136,2025-12-14,Orthopedics,8643.7,Completed
V50495,P10129,2025-11-03,Pediatrics,11778.35,Completed
V50496,P10234,2025-01-27,Dermatology,13979.32,Completed
V50497,P10070,2025-11-20,General,13165.46,Completed
V50498,P10213,2025-11-28,Orthopedics,2465.05,Completed
V50499,P10043,2025-06-21,Orthopedics,11981.1,No Show
V50500,P10066,2025-02-03,Pediatrics,10292.52,Completed
